timestamp;sensor;context_sensor;date (America/Argentina/Buenos_Aires)
1684165495532;4095.0;{};2023-05-15 12:44:55.532000-03:00
1684165493404;4095.0;{};2023-05-15 12:44:53.404000-03:00
1684165492533;4095.0;{};2023-05-15 12:44:52.533000-03:00
1684165491013;0.0;{};2023-05-15 12:44:51.013000-03:00
1684165490995;0.0;{};2023-05-15 12:44:50.995000-03:00
1684165486478;0.0;{};2023-05-15 12:44:46.478000-03:00
1684165484031;4095.0;{};2023-05-15 12:44:44.031000-03:00
1684165482463;3253.0;{};2023-05-15 12:44:42.463000-03:00
1684165481367;0.0;{};2023-05-15 12:44:41.367000-03:00
1684165480047;0.0;{};2023-05-15 12:44:40.047000-03:00
1684165478025;0.0;{};2023-05-15 12:44:38.025000-03:00
1684165478005;0.0;{};2023-05-15 12:44:38.005000-03:00
1684165473361;0.0;{};2023-05-15 12:44:33.361000-03:00
1684165472352;1950.0;{};2023-05-15 12:44:32.352000-03:00
1684165471351;0.0;{};2023-05-15 12:44:31.351000-03:00
1684165470339;0.0;{};2023-05-15 12:44:30.339000-03:00
1684165469070;2530.0;{};2023-05-15 12:44:29.070000-03:00
1684165464064;3446.0;{};2023-05-15 12:44:24.064000-03:00
1684165462395;4048.0;{};2023-05-15 12:44:22.395000-03:00
1684165461331;4095.0;{};2023-05-15 12:44:21.331000-03:00
1684165460514;2854.0;{};2023-05-15 12:44:20.514000-03:00
1684165458006;2256.0;{};2023-05-15 12:44:18.006000-03:00
1684165456477;2366.0;{};2023-05-15 12:44:16.477000-03:00
1684165454321;3738.0;{};2023-05-15 12:44:14.321000-03:00
1684165453030;4095.0;{};2023-05-15 12:44:13.030000-03:00
1684165451318;4095.0;{};2023-05-15 12:44:11.318000-03:00
1684165450022;2257.0;{};2023-05-15 12:44:10.022000-03:00
1684165448311;2892.0;{};2023-05-15 12:44:08.311000-03:00
1684165447347;4095.0;{};2023-05-15 12:44:07.347000-03:00
1684165446331;4095.0;{};2023-05-15 12:44:06.331000-03:00
1684165445299;2554.0;{};2023-05-15 12:44:05.299000-03:00
1684165444298;2224.0;{};2023-05-15 12:44:04.298000-03:00
1684165443293;3283.0;{};2023-05-15 12:44:03.293000-03:00
1684165442283;4095.0;{};2023-05-15 12:44:02.283000-03:00
1684165441528;4095.0;{};2023-05-15 12:44:01.528000-03:00
1684165439282;2107.0;{};2023-05-15 12:43:59.282000-03:00
1684165438288;3098.0;{};2023-05-15 12:43:58.288000-03:00
1684165437284;4095.0;{};2023-05-15 12:43:57.284000-03:00
1684165436293;3493.0;{};2023-05-15 12:43:56.293000-03:00
1684165435270;2269.0;{};2023-05-15 12:43:55.270000-03:00
1684165434464;1857.0;{};2023-05-15 12:43:54.464000-03:00
1684165432273;4095.0;{};2023-05-15 12:43:52.273000-03:00
1684165431490;4095.0;{};2023-05-15 12:43:51.490000-03:00
1684165429254;2121.0;{};2023-05-15 12:43:49.254000-03:00
1684165428522;0.0;{};2023-05-15 12:43:48.522000-03:00
1684165426256;0.0;{};2023-05-15 12:43:46.256000-03:00
1684165425556;0.0;{};2023-05-15 12:43:45.556000-03:00
1684165423249;4095.0;{};2023-05-15 12:43:43.249000-03:00
1684165422246;3268.0;{};2023-05-15 12:43:42.246000-03:00
1684165421978;1983.0;{};2023-05-15 12:43:41.978000-03:00
1684165420250;1882.0;{};2023-05-15 12:43:40.250000-03:00
1684165419232;2784.0;{};2023-05-15 12:43:39.232000-03:00
1684165418233;4058.0;{};2023-05-15 12:43:38.233000-03:00
1684165417226;2160.0;{};2023-05-15 12:43:37.226000-03:00
1684165416564;1883.0;{};2023-05-15 12:43:36.564000-03:00
1684165415014;1950.0;{};2023-05-15 12:43:35.014000-03:00
1684165415000;1961.0;{};2023-05-15 12:43:35-03:00
1684165413476;2359.0;{};2023-05-15 12:43:33.476000-03:00
1684165408965;2515.0;{};2023-05-15 12:43:28.965000-03:00
1684165407262;3161.0;{};2023-05-15 12:43:27.262000-03:00
1684165406508;3666.0;{};2023-05-15 12:43:26.508000-03:00
1684165404218;4095.0;{};2023-05-15 12:43:24.218000-03:00
1684165403231;2783.0;{};2023-05-15 12:43:23.231000-03:00
1684165402718;2371.0;{};2023-05-15 12:43:22.718000-03:00
1684165374288;1909.0;{};2023-05-15 12:42:54.288000-03:00
1684165373291;2085.0;{};2023-05-15 12:42:53.291000-03:00
1684165372045;3243.0;{};2023-05-15 12:42:52.045000-03:00
1684165371721;3103.0;{};2023-05-15 12:42:51.721000-03:00
1684165370722;2751.0;{};2023-05-15 12:42:50.722000-03:00
1684165364267;1876.0;{};2023-05-15 12:42:44.267000-03:00
1684165363256;2161.0;{};2023-05-15 12:42:43.256000-03:00
1684165362682;539.0;{};2023-05-15 12:42:42.682000-03:00
1684165356268;0.0;{};2023-05-15 12:42:36.268000-03:00
1684165355273;279.0;{};2023-05-15 12:42:35.273000-03:00
1684165354272;1747.0;{};2023-05-15 12:42:34.272000-03:00
1684165353267;0.0;{};2023-05-15 12:42:33.267000-03:00
1684165352787;3174.0;{};2023-05-15 12:42:32.787000-03:00
1684165350262;2858.0;{};2023-05-15 12:42:30.262000-03:00
1684165349234;1961.0;{};2023-05-15 12:42:29.234000-03:00
1684165348247;2005.0;{};2023-05-15 12:42:28.247000-03:00
1684165347226;2238.0;{};2023-05-15 12:42:27.226000-03:00
1684165341250;2603.0;{};2023-05-15 12:42:21.250000-03:00
1684165340154;2109.0;{};2023-05-15 12:42:20.154000-03:00
1684165337192;3695.0;{};2023-05-15 12:42:17.192000-03:00
1684165335256;1982.0;{};2023-05-15 12:42:15.256000-03:00
1684165334226;2128.0;{};2023-05-15 12:42:14.226000-03:00
1684165333200;3221.0;{};2023-05-15 12:42:13.200000-03:00
1684165322234;2063.0;{};2023-05-15 12:42:02.234000-03:00
1684165321724;1885.0;{};2023-05-15 12:42:01.724000-03:00
1684165319235;2223.0;{};2023-05-15 12:41:59.235000-03:00
1684165318283;2927.0;{};2023-05-15 12:41:58.283000-03:00
1684165317778;2977.0;{};2023-05-15 12:41:57.778000-03:00
1684165316194;3067.0;{};2023-05-15 12:41:56.194000-03:00
1684165314237;2800.0;{};2023-05-15 12:41:54.237000-03:00
1684165313218;1897.0;{};2023-05-15 12:41:53.218000-03:00
1684165312202;1734.0;{};2023-05-15 12:41:52.202000-03:00
1684165310689;2026.0;{};2023-05-15 12:41:50.689000-03:00
1684165306152;1989.0;{};2023-05-15 12:41:46.152000-03:00
1684165304222;637.0;{};2023-05-15 12:41:44.222000-03:00
1684165302213;0.0;{};2023-05-15 12:41:42.213000-03:00
1684165301193;0.0;{};2023-05-15 12:41:41.193000-03:00
1684165300228;1988.0;{};2023-05-15 12:41:40.228000-03:00
1684165294193;2448.0;{};2023-05-15 12:41:34.193000-03:00
1684165293150;2249.0;{};2023-05-15 12:41:33.150000-03:00
1684165291227;1675.0;{};2023-05-15 12:41:31.227000-03:00
1684165289364;1411.0;{};2023-05-15 12:41:29.364000-03:00
1684165288676;417.0;{};2023-05-15 12:41:28.676000-03:00
1684165287200;0.0;{};2023-05-15 12:41:27.200000-03:00
1684165286192;1873.0;{};2023-05-15 12:41:26.192000-03:00
1684165285306;2153.0;{};2023-05-15 12:41:25.306000-03:00
1684165284675;2059.0;{};2023-05-15 12:41:24.675000-03:00
1684165270632;1535.0;{};2023-05-15 12:41:10.632000-03:00
1684165268236;1641.0;{};2023-05-15 12:41:08.236000-03:00
1684165266114;1933.0;{};2023-05-15 12:41:06.114000-03:00
1684165264432;1951.0;{};2023-05-15 12:41:04.432000-03:00
1684165263433;1954.0;{};2023-05-15 12:41:03.433000-03:00
1684165262631;755.0;{};2023-05-15 12:41:02.631000-03:00
1684165261098;1360.0;{};2023-05-15 12:41:01.098000-03:00
1684165259420;1797.0;{};2023-05-15 12:40:59.420000-03:00
1684165258432;317.0;{};2023-05-15 12:40:58.432000-03:00
1684165257628;2870.0;{};2023-05-15 12:40:57.628000-03:00
1684165255422;1957.0;{};2023-05-15 12:40:55.422000-03:00
1684165254402;86.0;{};2023-05-15 12:40:54.402000-03:00
1684165253397;410.0;{};2023-05-15 12:40:53.397000-03:00
1684165252396;3962.0;{};2023-05-15 12:40:52.396000-03:00
1684165251398;4095.0;{};2023-05-15 12:40:51.398000-03:00
1684164953048;4095.0;{};2023-05-15 12:35:53.048000-03:00
1684164952043;4095.0;{};2023-05-15 12:35:52.043000-03:00
1684164951200;4095.0;{};2023-05-15 12:35:51.200000-03:00
1684164948464;4095.0;{};2023-05-15 12:35:48.464000-03:00
1684164946032;4095.0;{};2023-05-15 12:35:46.032000-03:00
1684164945391;4095.0;{};2023-05-15 12:35:45.391000-03:00
1684164943028;4095.0;{};2023-05-15 12:35:43.028000-03:00
1684164942033;4095.0;{};2023-05-15 12:35:42.033000-03:00
1684164941107;4095.0;{};2023-05-15 12:35:41.107000-03:00
1684164940905;4095.0;{};2023-05-15 12:35:40.905000-03:00
1684164939492;4095.0;{};2023-05-15 12:35:39.492000-03:00
1684164937056;4095.0;{};2023-05-15 12:35:37.056000-03:00
1684164936032;4095.0;{};2023-05-15 12:35:36.032000-03:00
1684164935007;4095.0;{};2023-05-15 12:35:35.007000-03:00
1684164934018;4095.0;{};2023-05-15 12:35:34.018000-03:00
1684164933017;4095.0;{};2023-05-15 12:35:33.017000-03:00
1684164932015;4095.0;{};2023-05-15 12:35:32.015000-03:00
1684164931495;0.0;{};2023-05-15 12:35:31.495000-03:00
1684164925008;0.0;{};2023-05-15 12:35:25.008000-03:00
1684164924103;0.0;{};2023-05-15 12:35:24.103000-03:00
1684164923902;0.0;{};2023-05-15 12:35:23.902000-03:00
1684164921138;0.0;{};2023-05-15 12:35:21.138000-03:00
1684164920945;0.0;{};2023-05-15 12:35:20.945000-03:00
1684164918088;0.0;{};2023-05-15 12:35:18.088000-03:00
1684164917994;0.0;{};2023-05-15 12:35:17.994000-03:00
1684164915492;0.0;{};2023-05-15 12:35:15.492000-03:00
1684164914010;0.0;{};2023-05-15 12:35:14.010000-03:00
1684164913982;0.0;{};2023-05-15 12:35:13.982000-03:00
1684164911493;0.0;{};2023-05-15 12:35:11.493000-03:00
1684164910483;0.0;{};2023-05-15 12:35:10.483000-03:00
1684164909474;0.0;{};2023-05-15 12:35:09.474000-03:00
1684164908476;0.0;{};2023-05-15 12:35:08.476000-03:00
1684164907487;0.0;{};2023-05-15 12:35:07.487000-03:00
1684164906461;0.0;{};2023-05-15 12:35:06.461000-03:00
1684164905460;0.0;{};2023-05-15 12:35:05.460000-03:00
1684164904966;0.0;{};2023-05-15 12:35:04.966000-03:00
1684164902004;0.0;{};2023-05-15 12:35:02.004000-03:00
1684164901981;0.0;{};2023-05-15 12:35:01.981000-03:00
1684164899448;0.0;{};2023-05-15 12:34:59.448000-03:00
1684164898403;0.0;{};2023-05-15 12:34:58.403000-03:00
1684164892458;0.0;{};2023-05-15 12:34:52.458000-03:00
1684164890447;0.0;{};2023-05-15 12:34:50.447000-03:00
1684164889028;0.0;{};2023-05-15 12:34:49.028000-03:00
1684164888998;0.0;{};2023-05-15 12:34:48.998000-03:00
1684164882447;0.0;{};2023-05-15 12:34:42.447000-03:00
1684164881443;0.0;{};2023-05-15 12:34:41.443000-03:00
1684164880011;0.0;{};2023-05-15 12:34:40.011000-03:00
1684164879962;0.0;{};2023-05-15 12:34:39.962000-03:00
1684164872074;0.0;{};2023-05-15 12:34:32.074000-03:00
1684164871873;0.0;{};2023-05-15 12:34:31.873000-03:00
1684164869434;0.0;{};2023-05-15 12:34:29.434000-03:00
1684164868422;0.0;{};2023-05-15 12:34:28.422000-03:00
1684164867428;0.0;{};2023-05-15 12:34:27.428000-03:00
1684164866457;0.0;{};2023-05-15 12:34:26.457000-03:00
1684164864108;0.0;{};2023-05-15 12:34:24.108000-03:00
1684164863916;0.0;{};2023-05-15 12:34:23.916000-03:00
1684164862456;4095.0;{};2023-05-15 12:34:22.456000-03:00
1684164860422;4095.0;{};2023-05-15 12:34:20.422000-03:00
1684164859393;4095.0;{};2023-05-15 12:34:19.393000-03:00
1684164855009;4095.0;{};2023-05-15 12:34:15.009000-03:00
1684164854894;4095.0;{};2023-05-15 12:34:14.894000-03:00
1684164850386;4095.0;{};2023-05-15 12:34:10.386000-03:00
1684164848443;4095.0;{};2023-05-15 12:34:08.443000-03:00
1684164847916;4095.0;{};2023-05-15 12:34:07.916000-03:00
1684164832042;4095.0;{};2023-05-15 12:33:52.042000-03:00
1684164831059;4095.0;{};2023-05-15 12:33:51.059000-03:00
1684164830041;2512.0;{};2023-05-15 12:33:50.041000-03:00
1684164829022;4012.0;{};2023-05-15 12:33:49.022000-03:00
1684164828481;4095.0;{};2023-05-15 12:33:48.481000-03:00
1684164827038;4095.0;{};2023-05-15 12:33:47.038000-03:00
1684164826037;4095.0;{};2023-05-15 12:33:46.037000-03:00
1684164825023;4095.0;{};2023-05-15 12:33:45.023000-03:00
1684164824052;4095.0;{};2023-05-15 12:33:44.052000-03:00
1684164823040;4095.0;{};2023-05-15 12:33:43.040000-03:00
1684164822045;4095.0;{};2023-05-15 12:33:42.045000-03:00
1684164821027;4095.0;{};2023-05-15 12:33:41.027000-03:00
1684164820521;4095.0;{};2023-05-15 12:33:40.521000-03:00
1684164819479;4095.0;{};2023-05-15 12:33:39.479000-03:00
1684164818559;4095.0;{};2023-05-15 12:33:38.559000-03:00
1684164817011;4095.0;{};2023-05-15 12:33:37.011000-03:00
1684164816462;3343.0;{};2023-05-15 12:33:36.462000-03:00
1684164815454;4095.0;{};2023-05-15 12:33:35.454000-03:00
1684164813508;4095.0;{};2023-05-15 12:33:33.508000-03:00
1684164810463;4095.0;{};2023-05-15 12:33:30.463000-03:00
1684164792158;4095.0;{};2023-05-15 12:33:12.158000-03:00
1684164791288;4095.0;{};2023-05-15 12:33:11.288000-03:00
1684164789669;4095.0;{};2023-05-15 12:33:09.669000-03:00
1684164788154;4095.0;{};2023-05-15 12:33:08.154000-03:00
1684164786128;4095.0;{};2023-05-15 12:33:06.128000-03:00
1684164785112;4095.0;{};2023-05-15 12:33:05.112000-03:00
1684164784111;4095.0;{};2023-05-15 12:33:04.111000-03:00
1684164783109;4095.0;{};2023-05-15 12:33:03.109000-03:00
1684164782119;4095.0;{};2023-05-15 12:33:02.119000-03:00
1684163935043;0.0;{};2023-05-15 12:18:55.043000-03:00
1684163934031;0.0;{};2023-05-15 12:18:54.031000-03:00
1684163933039;0.0;{};2023-05-15 12:18:53.039000-03:00
1684163932041;0.0;{};2023-05-15 12:18:52.041000-03:00
1684163931033;0.0;{};2023-05-15 12:18:51.033000-03:00
1684163930022;0.0;{};2023-05-15 12:18:50.022000-03:00
1684163929039;0.0;{};2023-05-15 12:18:49.039000-03:00
1684163928018;0.0;{};2023-05-15 12:18:48.018000-03:00
1684163927020;0.0;{};2023-05-15 12:18:47.020000-03:00
1684163926027;0.0;{};2023-05-15 12:18:46.027000-03:00
1684163925002;0.0;{};2023-05-15 12:18:45.002000-03:00
1684163924731;0.0;{};2023-05-15 12:18:44.731000-03:00
1684163922140;0.0;{};2023-05-15 12:18:42.140000-03:00
1684163921715;0.0;{};2023-05-15 12:18:41.715000-03:00
1684163919063;0.0;{};2023-05-15 12:18:39.063000-03:00
1684163918744;0.0;{};2023-05-15 12:18:38.744000-03:00
1684163917043;0.0;{};2023-05-15 12:18:37.043000-03:00
1684163916197;0.0;{};2023-05-15 12:18:36.197000-03:00
1684163914004;0.0;{};2023-05-15 12:18:34.004000-03:00
1684163913003;0.0;{};2023-05-15 12:18:33.003000-03:00
1684163912488;0.0;{};2023-05-15 12:18:32.488000-03:00
1684163911017;0.0;{};2023-05-15 12:18:31.017000-03:00
1684163910237;0.0;{};2023-05-15 12:18:30.237000-03:00
1684163908230;0.0;{};2023-05-15 12:18:28.230000-03:00
1684163905231;0.0;{};2023-05-15 12:18:25.231000-03:00
1684163903696;0.0;{};2023-05-15 12:18:23.696000-03:00
1684163901637;0.0;{};2023-05-15 12:18:21.637000-03:00
1684163900007;0.0;{};2023-05-15 12:18:20.007000-03:00
1684163899698;0.0;{};2023-05-15 12:18:19.698000-03:00
1684163897432;0.0;{};2023-05-15 12:18:17.432000-03:00
1684163895717;0.0;{};2023-05-15 12:18:15.717000-03:00
1684163893017;0.0;{};2023-05-15 12:18:13.017000-03:00
1684163892777;0.0;{};2023-05-15 12:18:12.777000-03:00
1684163881671;0.0;{};2023-05-15 12:18:01.671000-03:00
1684163876495;0.0;{};2023-05-15 12:17:56.495000-03:00
1684163875621;0.0;{};2023-05-15 12:17:55.621000-03:00
1684163869457;0.0;{};2023-05-15 12:17:49.457000-03:00
1684163868683;0.0;{};2023-05-15 12:17:48.683000-03:00
1684163866024;0.0;{};2023-05-15 12:17:46.024000-03:00
1684163865695;0.0;{};2023-05-15 12:17:45.695000-03:00
1684163854453;0.0;{};2023-05-15 12:17:34.453000-03:00
1684163853212;0.0;{};2023-05-15 12:17:33.212000-03:00
1684163851441;0.0;{};2023-05-15 12:17:31.441000-03:00
1684163850450;0.0;{};2023-05-15 12:17:30.450000-03:00
1684163849621;0.0;{};2023-05-15 12:17:29.621000-03:00
1684163847452;0.0;{};2023-05-15 12:17:27.452000-03:00
1684163846470;0.0;{};2023-05-15 12:17:26.470000-03:00
1684163845447;0.0;{};2023-05-15 12:17:25.447000-03:00
1684163844453;0.0;{};2023-05-15 12:17:24.453000-03:00
1684163843164;0.0;{};2023-05-15 12:17:23.164000-03:00
1684163838424;0.0;{};2023-05-15 12:17:18.424000-03:00
1684163837640;0.0;{};2023-05-15 12:17:17.640000-03:00
1684163835437;0.0;{};2023-05-15 12:17:15.437000-03:00
1684163834676;0.0;{};2023-05-15 12:17:14.676000-03:00
1684163832457;0.0;{};2023-05-15 12:17:12.457000-03:00
1684163831182;0.0;{};2023-05-15 12:17:11.182000-03:00
1684163829686;0.0;{};2023-05-15 12:17:09.686000-03:00
1684163827405;0.0;{};2023-05-15 12:17:07.405000-03:00
1684163826676;0.0;{};2023-05-15 12:17:06.676000-03:00
1684163820656;0.0;{};2023-05-15 12:17:00.656000-03:00
1684163818468;0.0;{};2023-05-15 12:16:58.468000-03:00
1684163817743;0.0;{};2023-05-15 12:16:57.743000-03:00
1684163815389;0.0;{};2023-05-15 12:16:55.389000-03:00
1684163814417;0.0;{};2023-05-15 12:16:54.417000-03:00
1684163813674;0.0;{};2023-05-15 12:16:53.674000-03:00
1684163807135;558.0;{};2023-05-15 12:16:47.135000-03:00
1684163793415;0.0;{};2023-05-15 12:16:33.415000-03:00
1684163792386;4095.0;{};2023-05-15 12:16:32.386000-03:00
1684163791145;4095.0;{};2023-05-15 12:16:31.145000-03:00
1684163789611;4095.0;{};2023-05-15 12:16:29.611000-03:00
1684163787365;4095.0;{};2023-05-15 12:16:27.365000-03:00
1684163786153;4095.0;{};2023-05-15 12:16:26.153000-03:00
1684163772385;4095.0;{};2023-05-15 12:16:12.385000-03:00
1684163771189;4095.0;{};2023-05-15 12:16:11.189000-03:00
1684163769362;3757.0;{};2023-05-15 12:16:09.362000-03:00
1684163768384;2911.0;{};2023-05-15 12:16:08.384000-03:00
1684163767374;4095.0;{};2023-05-15 12:16:07.374000-03:00
1684163766399;4095.0;{};2023-05-15 12:16:06.399000-03:00
1684163765403;4095.0;{};2023-05-15 12:16:05.403000-03:00
1684163764631;4095.0;{};2023-05-15 12:16:04.631000-03:00
1684163763368;4095.0;{};2023-05-15 12:16:03.368000-03:00
1684163762373;4095.0;{};2023-05-15 12:16:02.373000-03:00
1684163761349;1910.0;{};2023-05-15 12:16:01.349000-03:00
1684163760342;4095.0;{};2023-05-15 12:16:00.342000-03:00
1684163759360;4095.0;{};2023-05-15 12:15:59.360000-03:00
1684163758348;4095.0;{};2023-05-15 12:15:58.348000-03:00
1684163757329;3490.0;{};2023-05-15 12:15:57.329000-03:00
1684163756335;4095.0;{};2023-05-15 12:15:56.335000-03:00
1684163755331;4095.0;{};2023-05-15 12:15:55.331000-03:00
1684163754313;4095.0;{};2023-05-15 12:15:54.313000-03:00
1684163753327;3937.0;{};2023-05-15 12:15:53.327000-03:00
1684163752331;4095.0;{};2023-05-15 12:15:52.331000-03:00
1684163751320;4095.0;{};2023-05-15 12:15:51.320000-03:00
1684163750317;3026.0;{};2023-05-15 12:15:50.317000-03:00
1684163749317;4095.0;{};2023-05-15 12:15:49.317000-03:00
1684163748287;4095.0;{};2023-05-15 12:15:48.287000-03:00
1684163747299;3665.0;{};2023-05-15 12:15:47.299000-03:00
1684163746347;3618.0;{};2023-05-15 12:15:46.347000-03:00
1684163745297;4095.0;{};2023-05-15 12:15:45.297000-03:00
1684163744289;4095.0;{};2023-05-15 12:15:44.289000-03:00
1684163743287;3423.0;{};2023-05-15 12:15:43.287000-03:00
1684163742282;3657.0;{};2023-05-15 12:15:42.282000-03:00
1684163741277;4095.0;{};2023-05-15 12:15:41.277000-03:00
1684163740158;1331.0;{};2023-05-15 12:15:40.158000-03:00
1684163738258;1728.0;{};2023-05-15 12:15:38.258000-03:00
1684163737256;1439.0;{};2023-05-15 12:15:37.256000-03:00
1684163736284;0.0;{};2023-05-15 12:15:36.284000-03:00
1684163735266;3834.0;{};2023-05-15 12:15:35.266000-03:00
1684163734258;4095.0;{};2023-05-15 12:15:34.258000-03:00
1684163733247;4095.0;{};2023-05-15 12:15:33.247000-03:00
1684163732247;4095.0;{};2023-05-15 12:15:32.247000-03:00
1684163731285;4095.0;{};2023-05-15 12:15:31.285000-03:00
1684163729256;4095.0;{};2023-05-15 12:15:29.256000-03:00
1684163728243;4095.0;{};2023-05-15 12:15:28.243000-03:00
1684163727260;4095.0;{};2023-05-15 12:15:27.260000-03:00
1684163726232;4095.0;{};2023-05-15 12:15:26.232000-03:00
1684163725233;4095.0;{};2023-05-15 12:15:25.233000-03:00
1684163724232;4095.0;{};2023-05-15 12:15:24.232000-03:00
1684163723227;4095.0;{};2023-05-15 12:15:23.227000-03:00
1684163722228;4095.0;{};2023-05-15 12:15:22.228000-03:00
1684163721245;4095.0;{};2023-05-15 12:15:21.245000-03:00
1684163720218;4095.0;{};2023-05-15 12:15:20.218000-03:00
1684163719234;4095.0;{};2023-05-15 12:15:19.234000-03:00
1684163718205;4095.0;{};2023-05-15 12:15:18.205000-03:00
1684163717198;4095.0;{};2023-05-15 12:15:17.198000-03:00
1684163716187;4095.0;{};2023-05-15 12:15:16.187000-03:00
1684163715187;4095.0;{};2023-05-15 12:15:15.187000-03:00
1684163714191;4095.0;{};2023-05-15 12:15:14.191000-03:00
1684163713193;4095.0;{};2023-05-15 12:15:13.193000-03:00
1684163712179;4095.0;{};2023-05-15 12:15:12.179000-03:00
1684163711175;4095.0;{};2023-05-15 12:15:11.175000-03:00
1684163710180;4095.0;{};2023-05-15 12:15:10.180000-03:00
1684163709166;4095.0;{};2023-05-15 12:15:09.166000-03:00
1684163708161;4095.0;{};2023-05-15 12:15:08.161000-03:00
1684163707179;4095.0;{};2023-05-15 12:15:07.179000-03:00
1684163706156;4095.0;{};2023-05-15 12:15:06.156000-03:00
1684163705178;4095.0;{};2023-05-15 12:15:05.178000-03:00
1684163704170;4095.0;{};2023-05-15 12:15:04.170000-03:00
1684163703149;4095.0;{};2023-05-15 12:15:03.149000-03:00
1684163702155;4095.0;{};2023-05-15 12:15:02.155000-03:00
1684163701130;4095.0;{};2023-05-15 12:15:01.130000-03:00
1684163700144;4095.0;{};2023-05-15 12:15:00.144000-03:00
1684163699135;4095.0;{};2023-05-15 12:14:59.135000-03:00
1684163698139;4095.0;{};2023-05-15 12:14:58.139000-03:00
1684163697150;4095.0;{};2023-05-15 12:14:57.150000-03:00
1684163696135;4095.0;{};2023-05-15 12:14:56.135000-03:00
1684163695133;4095.0;{};2023-05-15 12:14:55.133000-03:00
1684163694122;4095.0;{};2023-05-15 12:14:54.122000-03:00
1684163693115;4095.0;{};2023-05-15 12:14:53.115000-03:00
1684163692129;4095.0;{};2023-05-15 12:14:52.129000-03:00
1684163691105;4095.0;{};2023-05-15 12:14:51.105000-03:00
1684163690095;4095.0;{};2023-05-15 12:14:50.095000-03:00
1684163689091;4095.0;{};2023-05-15 12:14:49.091000-03:00
1684163688093;4095.0;{};2023-05-15 12:14:48.093000-03:00
1684163687095;4095.0;{};2023-05-15 12:14:47.095000-03:00
1684163686074;4095.0;{};2023-05-15 12:14:46.074000-03:00
1684163685076;4095.0;{};2023-05-15 12:14:45.076000-03:00
1684163684081;4095.0;{};2023-05-15 12:14:44.081000-03:00
1684163683079;4095.0;{};2023-05-15 12:14:43.079000-03:00
1684163682067;4095.0;{};2023-05-15 12:14:42.067000-03:00
1684163681079;4095.0;{};2023-05-15 12:14:41.079000-03:00
1684163680057;4095.0;{};2023-05-15 12:14:40.057000-03:00
1684163679049;4095.0;{};2023-05-15 12:14:39.049000-03:00
1684163678051;4095.0;{};2023-05-15 12:14:38.051000-03:00
1684163677166;4095.0;{};2023-05-15 12:14:37.166000-03:00
1684163675042;4095.0;{};2023-05-15 12:14:35.042000-03:00
1684163674038;4095.0;{};2023-05-15 12:14:34.038000-03:00
1684163673059;4095.0;{};2023-05-15 12:14:33.059000-03:00
1684163672054;4095.0;{};2023-05-15 12:14:32.054000-03:00
1684163671050;4095.0;{};2023-05-15 12:14:31.050000-03:00
1684163670030;4095.0;{};2023-05-15 12:14:30.030000-03:00
1684163669043;4095.0;{};2023-05-15 12:14:29.043000-03:00
1684163668035;4095.0;{};2023-05-15 12:14:28.035000-03:00
1684163667025;4095.0;{};2023-05-15 12:14:27.025000-03:00
1684163666031;4095.0;{};2023-05-15 12:14:26.031000-03:00
1684163665033;4095.0;{};2023-05-15 12:14:25.033000-03:00
1684163664042;4095.0;{};2023-05-15 12:14:24.042000-03:00
1684163663018;4095.0;{};2023-05-15 12:14:23.018000-03:00
1684163662044;4095.0;{};2023-05-15 12:14:22.044000-03:00
1684163661039;4095.0;{};2023-05-15 12:14:21.039000-03:00
1684163660178;4095.0;{};2023-05-15 12:14:20.178000-03:00
1684163658143;4095.0;{};2023-05-15 12:14:18.143000-03:00
1684163657485;4095.0;{};2023-05-15 12:14:17.485000-03:00
1684163656512;4095.0;{};2023-05-15 12:14:16.512000-03:00
1684163655485;4095.0;{};2023-05-15 12:14:15.485000-03:00
1684163654012;4095.0;{};2023-05-15 12:14:14.012000-03:00
1684163653499;4095.0;{};2023-05-15 12:14:13.499000-03:00
1684163652482;4095.0;{};2023-05-15 12:14:12.482000-03:00
1684163651518;4095.0;{};2023-05-15 12:14:11.518000-03:00
1684163650464;4095.0;{};2023-05-15 12:14:10.464000-03:00
1684163649458;4095.0;{};2023-05-15 12:14:09.458000-03:00
1684163648456;4095.0;{};2023-05-15 12:14:08.456000-03:00
1684163647464;4095.0;{};2023-05-15 12:14:07.464000-03:00
1684163646456;4095.0;{};2023-05-15 12:14:06.456000-03:00
1684163645474;4095.0;{};2023-05-15 12:14:05.474000-03:00
1684163644489;4095.0;{};2023-05-15 12:14:04.489000-03:00
1684163643450;4095.0;{};2023-05-15 12:14:03.450000-03:00
1684163642454;4095.0;{};2023-05-15 12:14:02.454000-03:00
1684163641439;4095.0;{};2023-05-15 12:14:01.439000-03:00
1684163640445;4095.0;{};2023-05-15 12:14:00.445000-03:00
1684163639447;4095.0;{};2023-05-15 12:13:59.447000-03:00
1684163638434;4095.0;{};2023-05-15 12:13:58.434000-03:00
1684163637462;4095.0;{};2023-05-15 12:13:57.462000-03:00
1684163636449;4095.0;{};2023-05-15 12:13:56.449000-03:00
1684163635419;4095.0;{};2023-05-15 12:13:55.419000-03:00
1684163634415;4095.0;{};2023-05-15 12:13:54.415000-03:00
1684163633711;4095.0;{};2023-05-15 12:13:53.711000-03:00
1684163632036;4095.0;{};2023-05-15 12:13:52.036000-03:00
1684163631762;4095.0;{};2023-05-15 12:13:51.762000-03:00
1684163630416;4095.0;{};2023-05-15 12:13:50.416000-03:00
1684163629406;4095.0;{};2023-05-15 12:13:49.406000-03:00
1684163628426;4095.0;{};2023-05-15 12:13:48.426000-03:00
1684163627438;4095.0;{};2023-05-15 12:13:47.438000-03:00
1684163626392;4095.0;{};2023-05-15 12:13:46.392000-03:00
1684163625392;4095.0;{};2023-05-15 12:13:45.392000-03:00
1684163624415;4095.0;{};2023-05-15 12:13:44.415000-03:00
1684163623431;4095.0;{};2023-05-15 12:13:43.431000-03:00
1684163622362;4095.0;{};2023-05-15 12:13:42.362000-03:00
1684163621396;4095.0;{};2023-05-15 12:13:41.396000-03:00
1684163620377;4095.0;{};2023-05-15 12:13:40.377000-03:00
1684163619354;4095.0;{};2023-05-15 12:13:39.354000-03:00
1684163618368;4095.0;{};2023-05-15 12:13:38.368000-03:00
1684163617358;4095.0;{};2023-05-15 12:13:37.358000-03:00
1684163616348;4095.0;{};2023-05-15 12:13:36.348000-03:00
1684163615341;4095.0;{};2023-05-15 12:13:35.341000-03:00
1684163614102;4095.0;{};2023-05-15 12:13:34.102000-03:00
1684163612345;4095.0;{};2023-05-15 12:13:32.345000-03:00
1684163611345;4095.0;{};2023-05-15 12:13:31.345000-03:00
1684163610350;4095.0;{};2023-05-15 12:13:30.350000-03:00
1684163609334;4095.0;{};2023-05-15 12:13:29.334000-03:00
1684163608418;4059.0;{};2023-05-15 12:13:28.418000-03:00
1684163607331;4095.0;{};2023-05-15 12:13:27.331000-03:00
1684163606341;4095.0;{};2023-05-15 12:13:26.341000-03:00
1684163605336;4095.0;{};2023-05-15 12:13:25.336000-03:00
1684163604315;3303.0;{};2023-05-15 12:13:24.315000-03:00
1684163603308;2717.0;{};2023-05-15 12:13:23.308000-03:00
1684163602313;4095.0;{};2023-05-15 12:13:22.313000-03:00
1684163601324;4095.0;{};2023-05-15 12:13:21.324000-03:00
1684163600332;3152.0;{};2023-05-15 12:13:20.332000-03:00
1684163599320;3125.0;{};2023-05-15 12:13:19.320000-03:00
1684163598310;4095.0;{};2023-05-15 12:13:18.310000-03:00
1684163597317;4095.0;{};2023-05-15 12:13:17.317000-03:00
1684163596286;3835.0;{};2023-05-15 12:13:16.286000-03:00
1684163595273;2864.0;{};2023-05-15 12:13:15.273000-03:00
1684163594277;4095.0;{};2023-05-15 12:13:14.277000-03:00
1684163593271;4095.0;{};2023-05-15 12:13:13.271000-03:00
1684163592271;3578.0;{};2023-05-15 12:13:12.271000-03:00
1684163591266;2539.0;{};2023-05-15 12:13:11.266000-03:00
1684163590273;3946.0;{};2023-05-15 12:13:10.273000-03:00
1684163589256;4095.0;{};2023-05-15 12:13:09.256000-03:00
1684163588254;4095.0;{};2023-05-15 12:13:08.254000-03:00
1684163587280;2608.0;{};2023-05-15 12:13:07.280000-03:00
1684163586245;3792.0;{};2023-05-15 12:13:06.245000-03:00
1684163585237;4095.0;{};2023-05-15 12:13:05.237000-03:00
1684163584246;3872.0;{};2023-05-15 12:13:04.246000-03:00
1684163583227;2496.0;{};2023-05-15 12:13:03.227000-03:00
1684163582236;4009.0;{};2023-05-15 12:13:02.236000-03:00
1684163581231;4095.0;{};2023-05-15 12:13:01.231000-03:00
1684163580231;2073.0;{};2023-05-15 12:13:00.231000-03:00
1684163579244;2260.0;{};2023-05-15 12:12:59.244000-03:00
1684163578231;0.0;{};2023-05-15 12:12:58.231000-03:00
1684163577234;0.0;{};2023-05-15 12:12:57.234000-03:00
1684163576226;1790.0;{};2023-05-15 12:12:56.226000-03:00
1684163575209;794.0;{};2023-05-15 12:12:55.209000-03:00
1684163574211;511.0;{};2023-05-15 12:12:54.211000-03:00
1684163573167;3518.0;{};2023-05-15 12:12:53.167000-03:00
1684163567192;4095.0;{};2023-05-15 12:12:47.192000-03:00
1684163566173;4095.0;{};2023-05-15 12:12:46.173000-03:00
1684163564185;4095.0;{};2023-05-15 12:12:44.185000-03:00
1684163563185;4095.0;{};2023-05-15 12:12:43.185000-03:00
1684163562190;3643.0;{};2023-05-15 12:12:42.190000-03:00
1684163561674;1840.0;{};2023-05-15 12:12:41.674000-03:00
1684163559195;2037.0;{};2023-05-15 12:12:39.195000-03:00
1684163558185;21.0;{};2023-05-15 12:12:38.185000-03:00
1684163557727;1489.0;{};2023-05-15 12:12:37.727000-03:00
1684163555169;4095.0;{};2023-05-15 12:12:35.169000-03:00
1684163554169;2618.0;{};2023-05-15 12:12:34.169000-03:00
1684163553160;4095.0;{};2023-05-15 12:12:33.160000-03:00
1684163552198;4095.0;{};2023-05-15 12:12:32.198000-03:00
1684163551175;4095.0;{};2023-05-15 12:12:31.175000-03:00
1684163550197;4095.0;{};2023-05-15 12:12:30.197000-03:00
1684163549150;3845.0;{};2023-05-15 12:12:29.150000-03:00
1684163548150;4095.0;{};2023-05-15 12:12:28.150000-03:00
1684163547165;1600.0;{};2023-05-15 12:12:27.165000-03:00
1684163546159;2898.0;{};2023-05-15 12:12:26.159000-03:00
1684163545149;2113.0;{};2023-05-15 12:12:25.149000-03:00
1684163544679;1182.0;{};2023-05-15 12:12:24.679000-03:00
1684163542135;0.0;{};2023-05-15 12:12:22.135000-03:00
1684163541612;156.0;{};2023-05-15 12:12:21.612000-03:00
1684163540146;2.0;{};2023-05-15 12:12:20.146000-03:00
1684163539149;0.0;{};2023-05-15 12:12:19.149000-03:00
1684163538134;1844.0;{};2023-05-15 12:12:18.134000-03:00
1684163536207;4095.0;{};2023-05-15 12:12:16.207000-03:00
1684163528199;4095.0;{};2023-05-15 12:12:08.199000-03:00
1684163523679;4095.0;{};2023-05-15 12:12:03.679000-03:00
1684163522144;4095.0;{};2023-05-15 12:12:02.144000-03:00
1684163521130;4095.0;{};2023-05-15 12:12:01.130000-03:00
1684163520093;4095.0;{};2023-05-15 12:12:00.093000-03:00
1684163515127;4095.0;{};2023-05-15 12:11:55.127000-03:00
1684163514140;4095.0;{};2023-05-15 12:11:54.140000-03:00
1684163513156;4095.0;{};2023-05-15 12:11:53.156000-03:00
1684163512150;4095.0;{};2023-05-15 12:11:52.150000-03:00
1684163511590;4095.0;{};2023-05-15 12:11:51.590000-03:00
1684163510148;4095.0;{};2023-05-15 12:11:50.148000-03:00
1684163509675;4095.0;{};2023-05-15 12:11:49.675000-03:00
1684163508062;4095.0;{};2023-05-15 12:11:48.062000-03:00
1684163503131;4095.0;{};2023-05-15 12:11:43.131000-03:00
1684163502099;4095.0;{};2023-05-15 12:11:42.099000-03:00
1684163501086;4095.0;{};2023-05-15 12:11:41.086000-03:00
1684163500651;4095.0;{};2023-05-15 12:11:40.651000-03:00
1684163496178;0.0;{};2023-05-15 12:11:36.178000-03:00
1684163495024;0.0;{};2023-05-15 12:11:35.024000-03:00
1684163494646;4095.0;{};2023-05-15 12:11:34.646000-03:00
1684163484096;4095.0;{};2023-05-15 12:11:24.096000-03:00
1684163483149;4095.0;{};2023-05-15 12:11:23.149000-03:00
1684163481081;128.0;{};2023-05-15 12:11:21.081000-03:00
1684163480682;0.0;{};2023-05-15 12:11:20.682000-03:00
1684163474075;812.0;{};2023-05-15 12:11:14.075000-03:00
1684163473104;4095.0;{};2023-05-15 12:11:13.104000-03:00
1684163472096;4095.0;{};2023-05-15 12:11:12.096000-03:00
1684163467102;4095.0;{};2023-05-15 12:11:07.102000-03:00
1684163466658;3630.0;{};2023-05-15 12:11:06.658000-03:00
1684163465097;300.0;{};2023-05-15 12:11:05.097000-03:00
1684163464085;0.0;{};2023-05-15 12:11:04.085000-03:00
1684163463582;0.0;{};2023-05-15 12:11:03.582000-03:00
1684163445397;4095.0;{};2023-05-15 12:10:45.397000-03:00
1684163443014;4095.0;{};2023-05-15 12:10:43.014000-03:00
1684163442399;4095.0;{};2023-05-15 12:10:42.399000-03:00
1684163439655;4095.0;{};2023-05-15 12:10:39.655000-03:00
1684163438720;4095.0;{};2023-05-15 12:10:38.720000-03:00
1684163436117;4095.0;{};2023-05-15 12:10:36.117000-03:00
1684163435657;2503.0;{};2023-05-15 12:10:35.657000-03:00
1684163432609;1100.0;{};2023-05-15 12:10:32.609000-03:00
